-- create database clinicdb

-- Create database if it doesn't already exist
CREATE DATABASE IF NOT EXISTS clinicdb;

USE clinicdb;

-- Create Users table for user login and roles
CREATE TABLE IF NOT EXISTS Users (
    user_id INT AUTO_INCREMENT PRIMARY KEY,
    username VARCHAR(50) NOT NULL UNIQUE,
    password VARCHAR(50) NOT NULL,
    role ENUM('patient', 'doctor', 'nurse', 'receptionist', 'admin') NOT NULL
);

-- Verify that the table was created
SELECT TABLE_NAME FROM INFORMATION_SCHEMA.TABLES WHERE TABLE_SCHEMA = 'clinicdb';

CREATE TABLE Office (
    office_id INT PRIMARY KEY NOT NULL,
    location VARCHAR(128) NOT NULL,
    admin_id VARCHAR(9),
    admin_start_date DATE,
    FOREIGN KEY (admin_id) REFERENCES Admin(employee_ssn)
    ON DELETE SET NULL ON UPDATE CASCADE
);
CREATE TABLE Appointment(
  app_date DATE NOT NULL,
    P_ID INT NOT NULL,
    app_start_time TIME NOT NULL,
	app_end_time TIME NOT NULL,
    D_ID VARCHAR(9) NOT NULL,
    reason_for_visit VARCHAR(50),
    referral VARCHAR(9),
    need_referral BOOL,
    PRIMARY KEY (P_ID, app_date, app_start_time),
    FOREIGN KEY (D_ID) REFERENCES Doctor(employee_ssn)
    ON DELETE RESTRICT ON UPDATE CASCADE, -- if doctor gets deleted need to contact patients with appt and change doc b4 deleting
    FOREIGN KEY (referral) REFERENCES Doctor(employee_ssn)
    ON DELETE RESTRICT ON UPDATE CASCADE,
    FOREIGN KEY (P_ID) REFERENCES Patient(patient_id)
    ON DELETE CASCADE ON UPDATE CASCADE
);
CREATE TABLE Billing (
	P_ID INT NOT NULL,
    D_ID VARCHAR(9),
    charge_for VARCHAR(50),
    total_charge INT,
    charge_date DATETIME NOT NULL,
    paid_off BOOL,
    paid_total INT,
    PRIMARY KEY (P_ID, charge_date),
    FOREIGN KEY(P_ID) REFERENCES patient(patient_id)
    ON DELETE RESTRICT ON UPDATE CASCADE, -- restrict the delete because need to keep track of billing
  FOREIGN KEY (D_ID) REFERENCES Doctor(employee_ssn)
    ON DELETE RESTRICT ON UPDATE CASCADE -- restrict because need to know how much to charge before the doctor is deleted
);
CREATE TABLE Payment( -- need to seperate payment and billing because patient can pay multiple times for the same charge and can have multiple charges paid at once
  P_ID INT NOT NULL,
    total_paid INT,
    pay_date DATETIME NOT NULL, 
    pay_towards DATETIME, -- ADD pay_towards that references specific bill
    PRIMARY KEY (P_ID, pay_date),
    FOREIGN KEY(P_ID) REFERENCES patient(patient_id)
    ON DELETE RESTRICT ON UPDATE CASCADE, -- Restrict the delete because need to keep track of payments
  FOREIGN KEY(P_ID, pay_towards) REFERENCES Billing(P_ID, charge_date)
    ON DELETE RESTRICT ON UPDATE CASCADE
);

CREATE TABLE Referral(
	primary_doc VARCHAR(9) NOT NULL,
    P_ID INT NOT NULL,
    ref_date DATETIME NOT NULL,
    experiation DATE NOT NULL,
    specialist VARCHAR(9) NOT NULL,
    doc_appr BOOL,
    used BOOL,
    PRIMARY KEY (P_ID, ref_date),
    FOREIGN KEY (primary_doc) REFERENCES Doctor(employee_ssn)
    ON DELETE RESTRICT ON UPDATE CASCADE,
  FOREIGN KEY (specialist) REFERENCES Doctor(employee_ssn)
    ON DELETE RESTRICT ON UPDATE CASCADE,
  FOREIGN KEY(P_ID) REFERENCES Patient(patient_id)
    ON DELETE CASCADE ON UPDATE CASCADE
);
CREATE TABLE Medication (
    medicine VARCHAR(50) NOT NULL,
    start_date DATE,
    end_date DATE,
    dosage VARCHAR(25),
    time_of_day VARCHAR(20),
    D_ID VARCHAR(9),
    P_ID INT NOT NULL,
    cost INT,
    PRIMARY KEY (P_ID, medicine),
    FOREIGN KEY (D_ID) REFERENCES Doctor(employee_ssn)
    ON DELETE SET NULL ON UPDATE CASCADE,
    FOREIGN KEY (P_ID) REFERENCES Patient(patient_id)
    ON DELETE CASCADE ON UPDATE CASCADE
);

CREATE TABLE Allergies(
  allergy VARCHAR(20)NOT NULL,
    P_ID INT NOT NULL,
    start_date DATE,
    end_date DATE,
    seasonal BOOL,
    PRIMARY KEY (P_ID, allergy),
    FOREIGN KEY (P_ID) REFERENCES Patient(patient_id)
    ON DELETE CASCADE ON UPDATE CASCADE
);
CREATE TABLE Illness(
  ailment VARCHAR(50) NOT NULL,
    P_ID INT NOT NULL,
    start_date DATE,
    end_date DATE,
    PRIMARY KEY (P_ID, ailment),
    FOREIGN KEY (P_ID) REFERENCES Patient(patient_id)
    ON DELETE CASCADE ON UPDATE CASCADE
);
CREATE TABLE Surgery(
  procedure_done VARCHAR(50) NOT NULL,
    P_ID INT NOT NULL,
    body_part VARCHAR(25),
    surgery_date DATE,
    cost INT,
    PRIMARY KEY (P_ID, procedure_done),
    FOREIGN KEY (P_ID) REFERENCES Patient(patient_id)
    ON DELETE CASCADE ON UPDATE CASCADE
);
CREATE TABLE Immunization(
  vaccine VARCHAR(50) NOT NULL,
    P_ID INT NOT NULL,
    vax_date DATE,
    cost INT,
    PRIMARY KEY (P_ID, vaccine),
    FOREIGN KEY (P_ID) REFERENCES Patient(patient_id)
    ON DELETE CASCADE ON UPDATE CASCADE
);
CREATE TABLE Med_History(
  P_ID int NOT NULL,
    last_visit DATETIME NOT NULL,
    height SMALLINT,
    weight SMALLINT,
    blood_pressure VARCHAR(10),
    PRIMARY KEY (P_ID, last_visit),
    FOREIGN KEY(P_ID) REFERENCES Patient(patient_id)
    ON DELETE CASCADE ON UPDATE CASCADE
);
CREATE TABLE Doctor (
    employee_ssn VARCHAR(9) PRIMARY KEY NOT NULL,
    Admin_ssn VARCHAR(11),
    first_name VARCHAR(50),
    last_name VARCHAR(50),
    hire_date VARCHAR(10),
    salary INT,
    office_id INT,
    specialty VARCHAR(25),
    specialist BOOL,
    cost INT,
    FOREIGN KEY (office_id) REFERENCES Office(office_id)
    ON DELETE SET NULL ON UPDATE CASCADE,
    FOREIGN KEY (Admin_ssn) REFERENCES Admin(employee_ssn)
    ON DELETE SET NULL ON UPDATE CASCADE
);

CREATE TABLE Nurse (
    employee_ssn VARCHAR(9) PRIMARY KEY NOT NULL,
    username VARCHAR(50) UNIQUE NOT NULL,
    Admin_ssn VARCHAR(9),
    first_name VARCHAR(50),
    last_name VARCHAR(50),
    hire_date VARCHAR(10),
    salary INT,
    office_id INT,
    FOREIGN KEY (username) REFERENCES Users(username)
		ON DELETE RESTRICT ON UPDATE CASCADE,
    FOREIGN KEY (office_id) REFERENCES Office(office_id)
    ON DELETE SET NULL ON UPDATE CASCADE,
    FOREIGN KEY (Admin_ssn) REFERENCES Admin(employee_ssn)
    ON DELETE SET NULL ON UPDATE CASCADE
);
CREATE TABLE Receptionist (
	employee_ssn VARCHAR(9) PRIMARY KEY NOT NULL,
    username VARCHAR(50) UNIQUE NOT NULL,
    Admin_ssn VARCHAR(9),
    first_name VARCHAR(50),
    last_name VARCHAR(50),
    hire_date VARCHAR(10),
    salary INT,
    office_id INT,
    FOREIGN KEY (username) REFERENCES Users(username)
		ON DELETE RESTRICT ON UPDATE CASCADE,
    FOREIGN KEY (office_id) REFERENCES Office(office_id)
    ON DELETE SET NULL ON UPDATE CASCADE,
    FOREIGN KEY (Admin_ssn) REFERENCES Admin(employee_ssn)
    ON DELETE SET NULL ON UPDATE CASCADE
);
CREATE TABLE Patient (
    patient_id INT PRIMARY KEY NOT NULL,
    username VARCHAR(50) UNIQUE NOT NULL,
    first_name VARCHAR(50),
    last_name VARCHAR(50),
    date_of_birth DATE,
    address VARCHAR(128),
    phone_number VARCHAR(10),
    primary_id VARCHAR(9),
    FOREIGN KEY (username) REFERENCES Users(username)
		ON DELETE RESTRICT ON UPDATE CASCADE,
    FOREIGN KEY (primary_id) REFERENCES Doctor(employee_ssn)
    ON DELETE SET NULL ON UPDATE CASCADE
);

CREATE TABLE Admin (
    employee_ssn VARCHAR(9) PRIMARY KEY,
    username VARCHAR(50) UNIQUE NOT NULL,
    first_name VARCHAR(50),
    last_name VARCHAR(50),
    hire_date VARCHAR(10),
    salary INT,
    office_id INT,
    FOREIGN KEY (username) REFERENCES Users(username)
		ON DELETE RESTRICT ON UPDATE CASCADE,
    FOREIGN KEY (office_id) REFERENCES Office(office_id)
    ON DELETE SET NULL ON UPDATE CASCADE
);

CREATE TABLE Users (
    user_id INT,
    username VARCHAR(50) PRIMARY KEY NOT NULL,
    password VARCHAR(50) NOT NULL UNIQUE,
    role enum('patient','doctor','nurse','receptionist','admin') NOT NULL
);

CREATE VIEW Doctor_Patient_History_View
AS SELECT P.patient_id, P.first_name, P.last_name,
      H.height, HIST.weight, H.blood_pressure,
            MED.medicine, MED.start_date, MED.end_date, MED.dosage,
            A.allergy, A.start_date, A.end_date, A.seasonal,
            S.procedure_done, S.body_part, S.surgery_date,
            IMM.vaccine, IMM.vax_date,
            ILL.ailment, ILL.start_date, ILL.end_date
FROM Patient AS P
LEFT OUTER JOIN Med_history AS H ON P.patient_id = H.P_ID
LEFT OUTER JOIN Medication AS MED ON P.patient_id = MED.P_ID
LEFT OUTER JOIN Allergies AS A ON P.patient_id = A.P_ID
LEFT OUTER JOIN Surgery AS S ON P.patient_id = S.P_ID
LEFT OUTER JOIN Immunization AS IMM ON P.patient_id = IMM.P_ID
LEFT OUTER JOIN Illness AS ILL ON P.patient_id = ILL.P_ID;

CREATE VIEW Outstanding_Bills
AS SELECT P.patient_id, P.first_name, P.last_name,
      B.charge_for, B.total_charged, B.charge_date, B.paid_off
FROM Patient AS P
LEFT OUTER JOIN Billing AS B ON P.patient_id = B.P_ID
WHERE B.paid_off = FALSE;

CREATE VIEW Paid_Bills
AS SELECT P.patient_id, P.first_name, P.last_name,
      B.charge_for, B.total_charged, B.charge_date, B.paid_off,
            PAY.total_paid, PAY.pay_date
FROM Patient AS P
LEFT OUTER JOIN Payment AS PAY ON P.patient_id = PAY.P_ID
LEFT OUTER JOIN Billing AS B ON P.patient_id = B.P_ID
WHERE B.paid_off = TRUE;

DELIMITER //
CREATE PROCEDURE Staff_At_Office(IN office_id_input INT)
BEGIN
    SELECT 
        D.office_id, 
        D.first_name AS staff_first_name, 
        D.last_name AS staff_last_name, 
        D.specialty, 
        'Doctor' AS role
    FROM Doctor AS D
    WHERE D.office_id = office_id_input

    UNION

    SELECT 
        N.office_id,
        N.first_name AS staff_first_name, 
        N.last_name AS staff_last_name, 
        NULL AS specialty, 
        'Nurse' AS role
    FROM Nurse AS N
    WHERE N.office_id = office_id_input

    UNION

    SELECT 
        R.office_id,
        R.first_name AS staff_first_name, 
        R.last_name AS staff_last_name, 
        NULL AS specialty, 
        'Receptionist' AS role
    FROM Receptionist AS R
    WHERE R.office_id = office_id_input;
END //
DELIMITER ;

DELIMITER //
CREATE PROCEDURE Appointment_Schedule(IN app_day DATE)
BEGIN
    SELECT 
        A.app_date, 
        A.app_start_time,
        A.P_ID,
    A.D_ID,
    A.reason_for_visit
    FROM Appointment AS A
    WHERE A.app_date = app_day
    ORDER BY A.app_start_time;
END //
DELIMITER ;

DELIMITER //
CREATE TRIGGER No_Referral
BEFORE INSERT ON Appointment
FOR EACH ROW
BEGIN
  DECLARE referral_exists INT;
    
    SELECT COUNT(*)
    INTO referral_exists
  FROM Referral AS R
    WHERE R.P_ID = NEW.P_ID AND R.specialist = NEW.D_ID AND R.doc_appr = TRUE; -- new refers to the new row trying to be inserted and specialist is the doctor id of the specialist that is being referred to
    
    IF referral_exists = 0 THEN
        IF EXISTS (
            SELECT 1 
            FROM Doctor 
            WHERE employee_ssn = NEW.D_ID 
              AND specialist = TRUE
        ) THEN
        SIGNAL SQLSTATE '45000'
        SET MESSAGE_TEXT = 'Cannot create appointment: No approved referral to specialist.';
        END IF;
    END IF;
END; //

DELIMITER //
CREATE TRIGGER Appointment_Reminders
-- The trigger will begin when an appointment is added
AFTER INSERT ON Appointment
FOR EACH ROW
BEGIN
    -- Calculate the 1-day and 2-hour reminder times
    DECLARE reminder_date_1day DATETIME;
    DECLARE reminder_date_2hour DATETIME;

    SET reminder_date_1day = DATE_SUB(NEW.app_date, INTERVAL 1 DAY);
    SET reminder_date_2hour = TIMESTAMPADD(HOUR, -2, CONCAT(NEW.app_date, ' ', NEW.app_start_time));

    -- Insert logic to notify the patient (or log the reminders if needed)
    INSERT INTO Logs (log_message, log_time)  -- Example log for debugging
    VALUES (CONCAT('Reminder set for 1 day before appointment on ', reminder_date_1day), NOW());

    INSERT INTO Logs (log_message, log_time)  -- Log for 2-hour reminder
    VALUES (CONCAT('Reminder set for 2 hours before appointment on ', reminder_date_2hour), NOW());
END; //
DELIMITER ;

DELIMITER //
CREATE EVENT Send_Reminders
ON SCHEDULE EVERY 1 HOUR  -- Adjust based on your needs
DO
BEGIN
    -- Send the 1-day reminders
    SELECT 
        P.phone_number, 
        CONCAT('Reminder: Your appointment is tomorrow at ', A.app_start_time) AS message
    FROM Appointment A
    JOIN Patient P ON A.P_ID = P.patient_id
    WHERE A.app_date = DATE_ADD(CURDATE(), INTERVAL 1 DAY)
      AND CURTIME() BETWEEN '00:00:00' AND '01:00:00'; -- Run within the first hour

    -- Send the 2-hour reminders
    SELECT 
        P.phone_number, 
        CONCAT('Reminder: Your appointment is in 2 hours at ', A.app_start_time) AS message
    FROM Appointment A
    JOIN Patient P ON A.P_ID = P.patient_id
    WHERE CONCAT(A.app_date, ' ', A.app_start_time) = TIMESTAMPADD(HOUR, 2, NOW());

    -- Optional: Add logic to interface with external services like Twilio for SMS
END; //
DELIMITER ;

;

-- Testing the appointment_Reminder by storing the reminders in a log table. This table is not required, only using for debugging.
CREATE TABLE Logs (
    log_id INT AUTO_INCREMENT PRIMARY KEY,
    log_message VARCHAR(255),
    log_time DATETIME
);


-- 2 triggers will be the appointment reminder & referral trigger
-- create view for the receptionist to see all of patients bills and payments, create view for doctor to see all patients med history combined.
-- create view where receptionist can see current appts for specific doctor
-- need to add login info (username, password, security lvl/role)

-- OFFICE DUMMY INFO
INSERT INTO Office (office_id, location, admin_id, admin_start_date) 
VALUES (1, '1010 Main St, Houston, TX', '111111111', '2023-01-15'),
(2, '2020 West Loop N, Houston, TX', '111111111', '2022-05-22'),
(3, '3030 Fannin St, Houston, TX', '111111111', '2023-03-10');

-- DOCTOR DUMMY INFO
INSERT INTO Doctor (employee_ssn, username, Admin_ssn, first_name, last_name, hire_date, salary, office_id, specialty, specialist, cost) 
VALUES ('123456789','temp_username', '111111111', 'John', 'Doe', '2024-01-15', 150000, 1, 'Cardiology', TRUE, 200),
('234567890', 'asmith', '111111111', 'Alice', 'Smith', '2023-05-22', 120000, 2, 'Pediatrics', FALSE, 150),
('345678901', 'bjohnson', '111111111', 'Bob', 'Johnson', '2022-03-15', 145000, 1, 'Family Medicine', FALSE, 150),
('456789012', 'cwhite', '111111111', 'Charlie', 'White', '2023-08-10', 130000, 3, 'Internal Medicine', FALSE, 200),
('567890123', 'dlee', '111111111', 'Diana', 'Lee', '2024-02-01', 155000, 2, 'Neurology', TRUE, 300);

-- NURSE DUMMY INFO
INSERT INTO Nurse (employee_ssn, username, Admin_ssn, first_name, last_name, hire_date, salary, office_id) 
VALUES ('678901234', 'mgarcia_nurse', '111111111', 'Maria', 'Garcia', '2023-04-10', 75000, 1),
('789012345', 'kchan_nurse', '111111111', 'Kevin', 'Chan', '2022-11-05', 78000, 2),
('890123456', 'ljohnson_nurse', '111111111', 'Laura', 'Johnson', '2024-01-25', 70000, 3);

-- RECEPTIONIST DUMMY INFO 
INSERT INTO Receptionist (employee_ssn, username, Admin_ssn, first_name, last_name, hire_date, salary, office_id) 
VALUES ('901234567', 'jwilson_rec', '111111111', 'John', 'Wilson', '2023-05-10', 50000, 1),
('012345678', 'mrodriguez_rec', '111111111', 'Maria', 'Rodriguez', '2022-12-01', 52000, 2),
('123456780', 'tlee_rec', '111111111', 'Tina', 'Lee', '2024-03-15', 48000, 3);

-- ADMIN DUMMY INFO 
INSERT INTO Admin (employee_ssn, username, first_name, last_name, hire_date, salary, office_id) 
VALUES ('111111111', 'big_boss', 'Mr.', 'Boss', '2021-08-15', 175000, 1);

-- PATIENT DUMMY INFO
INSERT INTO Patient (patient_id, username, first_name, last_name, date_of_birth, address, phone_number, primary_id) 
VALUES (1, 'kthompson_patient', 'Kyle', 'Thompson', '1995-04-12', '321 Maple St, Houston, TX', '2817894567', '234567890'),
(2, 'nlee_patient', 'Nancy', 'Lee', '1988-07-22', '654 Cedar St, Houston, TX', '8321114321', '345678901'),
(3, 'rmartinez_patient', 'Ricardo', 'Martinez', '1993-09-30', '987 Birch St, Houston, TX', '7134551234', '567890123');

-- LOGIN DUMMY INFO
INSERT INTO Users(username, password, role) 
VALUES ('temp_username', 'temp_pass', 'doctor'),
('asmith', 'doctor2', 'doctor'),
('bjohnson', 'doctor3', 'doctor'),
('cwhite', 'doctor4', 'doctor'),
('dlee', 'doctor5', 'doctor'),
('mgarcia_nurse', 'nurse1', 'nurse'),
('kchan_nurse', 'nurse2', 'nurse'),
('ljohnson_nurse', 'nurse3', 'nurse'),
('jwilson_rec', 'receptionist1', 'receptionist'),
('mrodriguez_rec', 'receptionist2', 'receptionist'),
('tlee_rec', 'receptionist3', 'receptionist'),
('big_boss', 'admin1', 'admin'),
('kthompson_patient', 'patient1', 'patient'),
('nlee_patient', 'patient2', 'patient'),
('rmartinez_patient', 'patient3', 'patient');

